first_name,last_name,probability
James,Smith,0.01000
Michael,Johnson,0.00900
Robert,Williams,0.00800
John,Brown,0.00800
David,Jones,0.00700
William,Garcia,0.00700
Richard,Miller,0.00600
Joseph,Davis,0.00600
Thomas,Rodriguez,0.00600
Christopher,Martinez,0.00600
Charles,Hernandez,0.00500
Daniel,Lopez,0.00500
Matthew,Gonzalez,0.00500
Anthony,Wilson,0.00500
Mark,Anderson,0.00500
Donald,Thomas,0.00500
Steven,Taylor,0.00400
Paul,Moore,0.00400
Andrew,Jackson,0.00400
Joshua,Martin,0.00400
Elizabeth,Lee,0.00400
